<?xml version="1.0" encoding="UTF-8"?>
<project-private xmlns="http://www.netbeans.org/ns/project-private/1">
    <editor-bookmarks xmlns="http://www.netbeans.org/ns/editor-bookmarks/2" lastBookmarkId="0"/>
    <open-files xmlns="http://www.netbeans.org/ns/projectui-open-files/2">
        <group>
            <file>file:/C:/Users/Consolidated/Desktop/Hospital-Management-Project-master/Hospital-Management-Project-master/src/hospital_management/BillGeneration.java</file>
            <file>file:/C:/Users/Consolidated/Desktop/Hospital-Management-Project-master/Hospital-Management-Project-master/src/hospital_management/Hospital_Management.java</file>
            <file>file:/C:/Users/Consolidated/Desktop/Hospital-Management-Project-master/Hospital-Management-Project-master/src/hospital_management/AdminLogin.java</file>
        </group>
    </open-files>
</project-private>
